Link;Titulo;Data da Postagem
https://www.corinthians.com.br/noticias/camarotes-neo-quimica-arena-garanta-seu-ingresso-para-corinthians-x-fluminense;Camarotes Neo Química Arena: garanta seu ingresso para Corinthians x Fluminense;25.05.2023 15:00
https://www.corinthians.com.br/noticias/futebol-masculino-na-argentina-timao-inicia-preparacao-para-encarar-flu;Futebol masculino: Na Argentina, Timão inicia preparação para encarar Flu;25.05.2023 14:17
https://www.corinthians.com.br/noticias/corinthians-informa-prorrogacao-do-prazo-da-venda-exclusivaparaofiel;Corinthians Informa: Prorrogação do prazo da venda exclusiva&nbsp;para&nbsp;o&nbsp;Fiel;25.05.2023 13:37
https://www.corinthians.com.br/noticias/ingressos-corinthians-x-mrw-praia-30-5-futsal;Ingressos: Corinthians x MRW Praia (30/5) – Futsal;25.05.2023 10:15
https://www.corinthians.com.br/noticias/fora-de-casa-timao-fica-no-empate-com-o-argentinos-jrs-pela-conmebol-libertadores;Fora de casa, Timão fica no empate com o Argentinos Jrs. pela CONMEBOL Libertadores;24.05.2023 23:44
https://www.corinthians.com.br/noticias/judo-final-de-semana-com-muitos-ipons-aqui-no-parque-sao-jorge;Judô: Final de semana com muitos Ipons aqui no Parque São Jorge.;24.05.2023 14:42
https://www.corinthians.com.br/noticias/futebol-feminino-corinthians-esta-pronto-para-encarar-o-ska-brasil;Futebol feminino: Corinthians está pronto para encarar o Ska Brasil;24.05.2023 14:37
https://www.corinthians.com.br/noticias/corinthians-informa-atualizacoes-sobre-fiel-torcedor;Corinthians informa – Atualizações sobre Fiel Torcedor;24.05.2023 14:18
https://www.corinthians.com.br/noticias/corinthians-e-nike-abrem-votacao-para-escolha-da-quarta-camisa-do-clube;Corinthians e Nike abrem votação para escolha da quarta camisa do clube;24.05.2023 12:00
https://www.corinthians.com.br/noticias/futebol-7-corinthians-estreia-campeonato-paulista-2023-com-vitoria;Futebol 7: Corinthians estreia Campeonato Paulista com vitória;24.05.2023 11:18